id,category,description,frequency,avg_opportunity_score,potential_solution,market_size_estimate,created_at
1,复杂度问题,客户服务领域的客户服务流程优化,1,10.0,设计简化版流程，降低用户认知负担,细分市场 (<10万用户),2025-09-09 05:22:52
2,成本问题,医疗健康领域的支付结算流程优化,1,9.0,提供低成本或免费的替代解决方案,细分市场 (<10万用户),2025-09-09 05:22:52
3,效率问题,物流快递领域的退换货流程优化,1,9.0,开发自动化工具，减少人工操作步骤,细分市场 (<10万用户),2025-09-09 05:22:52
4,效率问题,电商购物领域的申请审批流程优化,1,9.0,开发自动化工具，减少人工操作步骤,细分市场 (<10万用户),2025-09-09 05:22:52
5,流程设计,电商购物领域的客户服务流程优化,1,9.0,重新设计用户界面，优化操作流程,细分市场 (<10万用户),2025-09-09 05:22:52
6,系统技术,医疗健康领域的数据录入流程优化,1,9.0,优化系统架构，提升稳定性和响应速度,细分市场 (<10万用户),2025-09-09 05:22:52
7,重复操作,餐饮外卖领域的退换货流程优化,1,9.0,创建一键式解决方案，消除重复步骤,细分市场 (<10万用户),2025-09-09 05:22:52
8,复杂度问题,客户服务领域的信息查询流程优化,1,8.0,设计简化版流程，降低用户认知负担,细分市场 (<10万用户),2025-09-09 05:22:52
9,成本问题,金融服务领域的申请审批流程优化,1,8.0,提供低成本或免费的替代解决方案,细分市场 (<10万用户),2025-09-09 05:22:52
10,效率问题,餐饮外卖领域的预约排队流程优化,1,8.0,开发自动化工具，减少人工操作步骤,细分市场 (<10万用户),2025-09-09 05:22:52
11,流程设计,政务服务领域的申请审批流程优化,1,8.0,重新设计用户界面，优化操作流程,细分市场 (<10万用户),2025-09-09 05:22:52
12,重复操作,教育培训领域的数据录入流程优化,1,8.0,创建一键式解决方案，消除重复步骤,细分市场 (<10万用户),2025-09-09 05:22:52
13,重复操作,电商购物领域的客户服务流程优化,1,8.0,创建一键式解决方案，消除重复步骤,细分市场 (<10万用户),2025-09-09 05:22:52
14,人工服务,电商购物领域的数据录入流程优化,1,7.0,引入AI客服系统，提高服务效率,细分市场 (<10万用户),2025-09-09 05:22:52
15,体验问题,教育培训领域的注册登录流程优化,1,7.0,改善用户体验设计，简化操作界面,细分市场 (<10万用户),2025-09-09 05:22:52
16,重复操作,物流快递领域的退换货流程优化,1,7.0,创建一键式解决方案，消除重复步骤,细分市场 (<10万用户),2025-09-09 05:22:52
17,体验问题,教育培训领域的支付结算流程优化,1,6.0,改善用户体验设计，简化操作界面,细分市场 (<10万用户),2025-09-09 05:22:52
18,复杂度问题,教育培训领域的客户服务流程优化,1,6.0,设计简化版流程，降低用户认知负担,细分市场 (<10万用户),2025-09-09 05:22:52
19,复杂度问题,教育培训领域的预约排队流程优化,1,6.0,设计简化版流程，降低用户认知负担,细分市场 (<10万用户),2025-09-09 05:22:52
20,效率问题,教育培训领域的支付结算流程优化,1,6.0,开发自动化工具，减少人工操作步骤,细分市场 (<10万用户),2025-09-09 05:22:52
21,效率问题,餐饮外卖领域的退换货流程优化,1,6.0,开发自动化工具，减少人工操作步骤,细分市场 (<10万用户),2025-09-09 05:22:52
22,流程设计,物流快递领域的支付结算流程优化,1,6.0,重新设计用户界面，优化操作流程,细分市场 (<10万用户),2025-09-09 05:22:52
23,人工服务,物流快递领域的支付结算流程优化,1,5.0,引入AI客服系统，提高服务效率,细分市场 (<10万用户),2025-09-09 05:22:52
24,体验问题,教育培训领域的申请审批流程优化,1,5.0,改善用户体验设计，简化操作界面,细分市场 (<10万用户),2025-09-09 05:22:52
25,体验问题,教育培训领域的预约排队流程优化,1,5.0,改善用户体验设计，简化操作界面,细分市场 (<10万用户),2025-09-09 05:22:52
26,成本问题,客户服务领域的支付结算流程优化,1,5.0,提供低成本或免费的替代解决方案,细分市场 (<10万用户),2025-09-09 05:22:52
27,成本问题,餐饮外卖领域的退换货流程优化,1,5.0,提供低成本或免费的替代解决方案,细分市场 (<10万用户),2025-09-09 05:22:52
28,效率问题,政务服务领域的信息查询流程优化,1,5.0,开发自动化工具，减少人工操作步骤,细分市场 (<10万用户),2025-09-09 05:22:52
29,效率问题,教育培训领域的客户服务流程优化,1,5.0,开发自动化工具，减少人工操作步骤,细分市场 (<10万用户),2025-09-09 05:22:52
30,流程设计,医疗健康领域的客户服务流程优化,1,5.0,重新设计用户界面，优化操作流程,细分市场 (<10万用户),2025-09-09 05:22:52
31,系统技术,政务服务领域的支付结算流程优化,1,5.0,优化系统架构，提升稳定性和响应速度,细分市场 (<10万用户),2025-09-09 05:22:52
32,系统技术,物流快递领域的客户服务流程优化,1,5.0,优化系统架构，提升稳定性和响应速度,细分市场 (<10万用户),2025-09-09 05:22:52
33,复杂度问题,政务服务领域的申请审批流程优化,1,4.0,设计简化版流程，降低用户认知负担,细分市场 (<10万用户),2025-09-09 05:22:52
34,流程设计,客户服务领域的退换货流程优化,1,4.0,重新设计用户界面，优化操作流程,细分市场 (<10万用户),2025-09-09 05:22:52
35,流程设计,教育培训领域的客户服务流程优化,1,4.0,重新设计用户界面，优化操作流程,细分市场 (<10万用户),2025-09-09 05:22:52
